Fecha,Total,Cruceristas,Excursionista,Turista,Viajero,Turista + Excursionista,País: Guatemala,País: El Salvador,País: Estados Unidos de América
2009-01-01,183505.5905347593,12570.0,14902.279306915052,135041.75003825783,20991.561189586428,149944.0293451729,57050.999999999956,31607.41053475936,24276.0
2009-02-01,149426.2539075136,10736.000000000002,24332.993577716043,102970.69862566146,11386.561704136077,127303.6922033775,40957.00000000001,26611.326959578215,24064.0
2009-03-01,174237.2270951157,10332.0,20599.633679356633,138196.0401392462,5109.553276512853,158795.67381860284,49421.00000000001,34552.77000000002,30701.0
2009-04-01,182842.4899173554,7791.999999999998,29049.646900235744,142963.8207937807,3037.0222233389586,172013.46769401644,58298.900826446275,35533.330000000016,26838.0
2009-05-01,133194.66765069554,5477.0,17525.748433490946,107033.77591720213,3158.1433000024845,124559.52435069307,44299.00000000001,27173.817650695546,22039.0
2009-06-01,156292.12857142845,0.0,21466.958693099583,129975.84468517316,4849.325193155705,151442.80337827274,52952.999999999905,30127.64,32682.428571428572
2009-07-01,140089.27569229022,0.0,17378.822207034154,120238.12953518535,2472.3239500707155,137616.9517422195,56933.68136557611,26910.130000000012,22039.0
2009-08-01,189382.18837563434,7525.0,26580.966721212728,152763.07508255166,2513.146571869943,179344.04180376438,52551.99999999997,54797.80999999985,26116.0
2009-09-01,135790.18845637582,0.0,19318.126062926996,113473.00747267458,2999.0549207742397,132791.13353560158,48463.26845637582,35011.46,14624.0
2009-10-01,156825.96666666667,0.0,20834.44467736837,132319.16510950055,3672.3568797977746,153153.6097868689,56913.00000000001,40960.62000000001,18819.0
2009-11-01,189158.16000000012,12040.0,22318.95956563994,151304.31339305168,3494.8870413085265,173623.2729586916,66126.00000000001,44545.55000000012,20356.0
2009-12-01,238031.58770897836,14873.999999999998,29789.57830083077,189805.0728963087,3562.9365118388964,219594.65119713946,84440.37770897834,50437.480000000025,31722.0
2010-01-01,199130.9858823529,13161.0,19537.43594628021,142795.82956537616,23636.72037069652,162333.26551165635,65897.99999999996,39775.049999999996,25731.95588235294
2010-02-01,152599.55714285714,6203.0,26839.178478116686,105688.28174790807,13869.09691683238,132527.46022602476,43017.0,34381.22,23443.85714285714
2010-03-01,176632.7872462976,8991.0,25250.56743827034,138100.5253212707,4290.694486756583,163351.09275954103,55524.0,20923.977591125204,34880.68965517241
2010-04-01,179655.10000000006,5337.0,29095.186264756867,141775.71903841427,3447.1946968289203,170870.90530317114,60665.00000000001,42042.62000000004,23471.0
2010-05-01,146392.53513761464,1189.0,23838.554709681353,117453.05423800476,3911.926189928548,141291.6089476861,49681.0,33877.86999999997,20524.669724770643
2010-06-01,160401.53999999995,0.0,22224.73113945978,133244.21593516704,4932.5929253731465,155468.9470746268,54680.99999999997,32194.519999999982,34560.5
2010-07-01,203255.90921084874,0.0,29453.953827164314,170213.87903281685,3588.076350867575,199667.83285998116,63377.99999999999,41154.26304347823,39975.85365853659
2010-08-01,192892.4358336446,6261.0,27805.149861024795,156125.8807552709,2700.4052173488953,183931.0306162957,55161.00000000001,53267.48148325358,26965.91891891892
2010-09-01,133847.88865537662,0.0,19332.73591862188,111427.61377977011,3087.538956984627,130760.34969839199,48625.00000000001,33235.00892086333,14759.723893805309
2010-10-01,166234.5409920346,4434.0,21987.77618233875,135644.34813888802,4168.416670807838,157632.12432122676,59539.99999999999,42160.61000000002,19570.5766834207
2010-11-01,193720.08842105273,10628.0,22674.89453732683,156863.44115941724,3553.752724308665,179538.33569674406,68399.99999999999,46097.57000000012,21201.86842105263
2010-12-01,248135.48519124987,16284.0,31962.917453058453,195448.1289136306,4440.438824560843,227411.04636668903,89533.0,58173.65999999998,29323.479169652877
2011-01-01,199120.59029411766,5358.0,21517.62568086722,148190.9315461481,24054.033067102348,169708.55722701532,66701.00000000003,48827.31,23994.477941176472
2011-02-01,160806.84761904762,7564.0,30966.885109101728,108902.98048176496,13372.982028180928,139869.86559086668,45452.99999999998,39053.600000000006,23103.214285714286
2011-03-01,182584.30508188406,6978.0,26405.301350847953,143552.48965780932,5648.514073226771,169957.79100865728,51253.99999999999,47393.708732171166,29279.25201666519
2011-04-01,211761.74419302514,15878.0,37285.376732141835,154370.38826294802,4227.979197935257,191655.76499508985,66610.99999999999,53731.33,26254.472222222223
2011-05-01,156728.34999999995,6664.0,22991.601804187096,122931.94597707281,4140.802218740043,145923.5477812599,51675.99999999999,38184.29999999997,21458.0
2011-06-01,170083.35714285713,1358.0,25601.47157769166,137412.99714821324,5710.888416952235,163014.4687259049,58255.99999999997,37303.76000000002,33120.357142857145
2011-07-01,204325.66331283798,0.0,31104.65133127037,169416.35337051138,3804.658611056236,200521.00470178176,68504.00000000003,42756.0,37982.42386636895
2011-08-01,187854.6781400468,10480.0,26354.395314347636,148421.09839023245,2599.1844354667296,174775.4937045801,58710.970149253735,47596.97038461547,23596.891891891893
2011-09-01,144432.6912044162,0.0,21959.622680163196,119224.21703957877,3248.8514846742314,141183.83971974195,54664.79508196722,35202.09,14379.80612244898
2011-10-01,159566.86878067983,3937.0,21154.4390990091,130894.64149689877,3580.788184771958,152049.08059590787,55803.9282868526,42912.84000000006,17760.5
2011-11-01,196650.4950404817,5482.0,24449.55845551806,162870.51944572575,3848.417139237881,187320.0779012438,69201.75862068965,52401.620000000046,20867.28947368421
2011-12-01,257540.5152835257,8651.0,34396.147718852866,209338.96295188315,5154.404612789665,243735.110670736,92903.00000000001,69834.51000000007,29861.48449612403
2012-01-01,210834.305882353,6027.0,24288.194319465412,152837.76344883564,27681.348114051925,177125.95776830104,66841.00000000004,57181.01,23657.45588235294
2012-02-01,169001.26952380955,5135.0,35433.28467699705,112386.15752131613,16046.827325496371,147819.4421983132,45264.00000000001,46179.31000000001,23751.214285714286
2012-03-01,196093.11365490346,4008.0,31532.669050896082,154704.53920125202,5847.905402755341,186237.2082521481,56350.00000000001,51118.41900158478,32299.60061732894
2012-04-01,193661.7499999999,6797.0,37412.636227883944,145478.60003478164,3973.513737334328,182891.2362626656,63209.99999999999,50197.77999999995,22151.0
2012-05-01,164972.46000000002,8713.0,26057.212721493444,126080.29932230935,4121.947956197208,152137.5120438028,51437.00000000001,39422.460000000014,22189.5
2012-06-01,179413.4692857143,0.0,28061.125884614983,145179.43834226727,6172.905058832026,173240.56422688224,60287.99999999998,40568.510000000024,36842.58928571428
2012-07-01,203982.72000106898,779.0,32843.663661244624,166496.70701158393,3863.349328240416,199340.37067282855,64281.99999999999,44613.73999999998,38390.05307454483
2012-08-01,188092.5113766111,14684.0,27662.599867692392,143003.80337269022,2742.1081362284995,170666.4032403826,53029.96019900497,49534.899999999965,24028.391891891893
2012-09-01,151540.5526229508,0.0,24542.92496496233,123304.6030215272,3693.024636461269,147847.52798648953,54110.69262295083,39433.179999999986,15487.0
2012-10-01,174443.9581938911,2102.0,27010.771270045385,140984.6662267182,4346.520697127517,167995.4374967636,63018.78486055779,45355.40999999998,19702.5
2012-11-01,208257.7518037972,8895.0,27943.2263299869,167456.84198857017,3962.6834852401284,195400.06831855708,72239.75862068967,53340.83000000007,23180.342105263157
2012-12-01,259521.71697674415,15706.0,36515.84969556086,202323.90281171678,4975.964469466518,238839.75250727765,93973.99999999997,56650.159999999996,33566.90697674418
2013-01-01,195440.51999839998,8693.0,24373.525730115904,146485.17080530812,15888.823462975955,170858.69653542404,67124.99999839994,38650.84000000001,23784.0
2013-02-01,156393.08999989994,6857.0,34391.592841782796,105772.30661981276,9372.190538304392,140163.89946159557,45171.999999899956,33068.15,24170.0
2013-03-01,238388.6366329104,14209.0,41464.51672116675,175628.03864179595,7087.081269947708,217092.5553629627,74787.9999898,53940.459175911245,36196.56747404845
2013-04-01,192705.51000000004,9718.0,31943.217330208623,147582.8198924938,3461.472777297599,179526.03722270243,66864.00000000001,45047.50000000002,22149.0
2013-05-01,188955.55999999997,3921.0,30290.32007595117,148953.33683901286,5790.903085035938,179243.65691496403,67028.99999999996,50045.240000000034,23118.0
2013-06-01,203522.43999999997,0.0,31623.04092383171,165541.95393179124,6357.445144377009,197164.99485562296,72691.99999999991,45116.19000000005,39424.0
2013-07-01,216160.6217850375,750.0,34555.969576698364,177040.04768796932,3814.6045203698286,211596.01726466767,72602.00000099998,45617.31999999998,40343.0
2013-08-01,201934.6200000001,2070.0,30333.81249642173,166817.12667323617,2713.68083034222,197150.9391696579,68391.00000000006,55250.420000000064,26357.0
2013-09-01,168085.2500028,628.0,26040.991380159998,137826.0704911866,3590.188131453396,163867.0618713466,66040.00000280008,43794.45999999993,15413.0
2013-10-01,172476.97999999995,1138.0,25806.47291408952,141817.99596888153,3714.5111170289015,167624.46888297104,68788.99999999999,39450.98999999996,20415.0
2013-11-01,218786.41999999993,12034.0,28711.006336841536,174254.01666777697,3787.3969953814108,202965.0230046185,84624.99999999999,48110.019999999924,23194.0
2013-12-01,279319.32999999996,11672.0,39580.09467977455,222869.30725958387,5197.9280606415405,262449.40193935845,114089.99999999996,61495.65999999999,35277.0
2014-01-01,234446.53999999992,12598.0,34125.876935530876,185334.46974085955,2388.1933236095024,219460.34667639044,83994.99999999996,53127.53999999997,26141.0
2014-02-01,182721.75,7181.0,27038.81617608429,146437.42968866258,2064.5041352531316,173476.24586474686,56150.00000000001,41977.749999999985,25767.0
2014-03-01,215178.73433878162,11590.0,30801.572319759296,169335.7579029099,3451.404116112413,200137.3302226692,67869.0,45590.77000000004,35051.0
2014-04-01,243823.90000000002,12079.0,30373.47617289639,198985.65697602122,2385.7668510824046,229359.1331489176,86743.99999999997,61024.90000000005,29172.0
2014-05-01,196933.52000000008,2964.0,26990.609665702057,163273.95508690586,3704.9552473921444,190264.56475260793,72803.00000000001,49255.520000000055,24833.0
2014-06-01,202425.34999985993,0.0,25717.57729282915,174375.89600845778,2331.876698572998,200093.47330128693,76799.99999985998,42000.349999999955,39778.0
2014-07-01,239373.68999999997,0.0,33953.0348383686,203605.5599675344,1815.0951940969478,237558.594805903,83156.99999999999,54642.689999999995,41389.0
2014-08-01,229607.76999999996,1859.0,43057.99601593885,182043.63595157734,2647.1380324837937,225101.63196751618,78633.99999999996,63231.770000000004,27940.0
2014-09-01,190814.11,0.0,35408.93667134078,152275.8439222185,3129.3294064406964,187684.7805935593,72589.99999999999,53943.109999999986,16441.0
2014-10-01,226630.01000000004,0.0,45488.501704153816,178162.36919097265,2979.139104873571,223650.87089512646,92354.00000000004,61061.01000000001,21910.0
2014-11-01,262353.2899999996,11946.0,50895.44343462438,197122.1665510858,2389.680014289405,248017.60998571018,100516.99999999999,67123.28999999959,24207.0
2014-12-01,338293.3,10384.0,65406.009407342,259966.72524226207,2536.565350395939,325372.73464960407,135911.00000000003,86824.29999999996,36567.0
2015-01-01,253275.000001625,6012.0,48756.07420132098,195364.8770078804,3142.048792423621,244120.95120920136,98082.99999892709,55883.00000268093,26763.0
2015-02-01,207976.49999823695,7599.0,41533.013258060884,155674.23428642977,3170.2524537462778,197207.24754449064,68880.99999916393,47280.99999900502,27369.5
2015-03-01,265027.28444746643,11576.0,41745.217414917315,207842.19062440173,3863.876408147369,249587.40803931904,86884.00000002403,63590.999997249164,37096.78445006321
2015-04-01,271468.4999999886,20387.0,35858.83062935967,211702.67749225817,3519.991878370739,247561.50812161784,96791.00000215217,67152.99999788038,26476.5
2015-05-01,238063.29823437225,7658.0,42528.01317715628,183886.59454529147,3990.6905119245075,226414.60772244775,91021.99999955013,60865.00000219999,26109.79823269514
2015-06-01,252347.99999916193,1135.0,46600.609181366235,198782.07773564226,5830.313082153443,245382.68691700848,102864.99999832007,55969.000000939835,42019.0
2015-07-01,257181.99999890625,1005.0,49099.947431536835,203935.22970061796,3141.8228667514627,253035.1771321548,93995.00000045309,58017.99999841815,41191.5
2015-08-01,260587.50000028274,6688.0,46706.34764100813,198959.80777074333,8233.344588531298,245666.15541175145,85968.00000001494,79655.00000023178,28170.5
2015-09-01,209004.49999934426,0.0,36858.94929601831,169841.82150664565,2303.7291966803114,206700.77080266396,86392.99999816001,55196.00000125024,18439.0
2015-10-01,235017.99999686194,2579.0,34618.78751360032,193181.4913098451,4638.721173416501,227800.2788234454,95400.99999949198,59381.9999972759,24225.0
2015-11-01,252959.50000221597,5893.0,34640.67180746474,210543.33829275533,1882.489901995884,245184.01010022007,102865.99999884499,57414.000003299974,26978.5
2015-12-01,338732.50000370404,6663.0,46177.890294158366,283047.34823763126,2844.261471914403,329225.2385317896,141033.00000098598,86569.00000275004,38602.0
2016-01-01,279290.9999999999,7789.0,29681.366429360176,232425.26292274642,9395.37064789326,262106.6293521066,112679.99999999999,60358.999999999876,29476.0
2016-02-01,234617.99999999988,10714.0,26938.353901902286,187700.3758889902,9265.27020910737,214638.7297908925,84039.0,52427.999999999876,29292.0
2016-03-01,347084.00000000006,13101.0,42093.201652285024,279937.1310082227,11952.667339492295,322030.3326605077,123424.99999999993,102206.0000000001,41947.0
2016-04-01,248439.00000000006,11111.0,31457.47179890015,179987.44855123374,25883.07964986618,211444.9203501339,93881.0,69140.00000000004,26029.0
2016-05-01,257081.0,8734.0,37610.387675155805,186322.54007469612,24414.072250148045,223932.92774985192,103911.00000000006,70407.99999999993,27826.0
2016-06-01,268068.6562500002,638.0,24859.510249703373,201427.78503228453,41143.360968012275,226287.2952819879,108895.99999999999,69722.00000000019,43795.65625
2016-07-01,308371.75939849706,844.0,28163.193542538815,240849.04601599614,38515.519839962086,269012.23955853493,124427.00000000013,76313.00000000067,48287.759398496244
2016-08-01,309029.99999999977,11068.000000000002,27050.67049937707,231749.25722414703,39162.07227647565,258799.9277235241,116690.99999999996,98514.99999999978,28738.0
2016-09-01,215265.39883619457,0.0,23063.484658281475,163755.8236591186,28446.090518794503,186819.30831740008,88791.4878778981,58125.85420865275,18401.55389975113
2016-10-01,299690.0,2287.0,29048.841263950122,220072.42319832148,48281.73553772837,249121.26446227162,124722.00000000007,96001.99999999991,23976.0
2016-11-01,325923.0,15418.000000000002,28362.262112910383,223169.7184149884,58973.019472101216,251531.9805278988,131944.99999999997,97481.00000000003,24653.0
2016-12-01,403355.0218579234,22008.0,31274.392317531954,290026.79634816595,60045.83319222553,321301.18866569793,157646.00000000006,136230.9999999999,32782.0
2017-01-01,327088.2196146738,18286.0,24931.317669565644,234710.2902795033,49160.61166560488,259641.60794906894,122606.66828087177,92801.66437482914,26090.228880161605
2017-02-01,276842.8785826486,12864.999999999998,34044.50289199315,199673.7259587714,30259.649731884045,233718.22885076454,98130.78571428571,77164.85950996548,29573.60850213212
2017-03-01,339725.37321970536,11212.0,52776.852082649304,241667.62303095925,34068.89810609683,294444.4751136085,119552.99999999991,107972.60548985946,37271.804596466485
2017-04-01,398107.9311828097,20271.000000000004,74330.30830748436,303498.420662352,8.202212973302204,377828.7289698364,158561.00000000015,125586.54517158523,31491.811572381484
2017-05-01,280611.37535503623,5908.0,40394.49007625819,203347.29512013626,30961.590158641815,243741.78519639446,119427.0,79431.67984374179,25736.36152076469
2017-06-01,300218.7854,1460.0,50400.325757488914,197453.0822099452,50905.37743256585,247853.4079674341,114420.6188,72268.25700000007,44018.99999999999
2017-07-01,359006.57369999983,1543.0,49963.06031908006,241611.2126973434,65889.30068357637,291574.27301642345,118364.98860000001,77043.19889999973,49780.51640000001
2017-08-01,400119.0166000009,0.0,60497.434709143374,213796.1585063065,125825.42338455105,274293.5932154499,110072.13840000001,102847.1247999999,29911.117100000003
2017-09-01,244041.30469999992,4268.0,42641.876814498224,171054.72516479765,26076.702720704056,213696.60197929587,95650.98719999997,64445.82519999994,19986.5214
2017-10-01,274807.10442170204,12419.0,40453.371282511405,198602.29873742265,23332.43440176797,239055.67001993407,106457.77704425532,67446.72719999988,26330.175400000004
2017-11-01,316608.2421300007,15268.0,44775.18724583728,230918.22854347463,25646.826340688796,275693.4157893119,125104.00278000004,80668.71510000064,28914.489200000004
2017-12-01,404283.4961000003,25563.0,67631.27247431062,288478.22644721443,22610.99717847526,356109.4989215251,166993.87179999988,97424.55980000042,42068.00000000001
2018-01-01,356933.8923320003,29506.0,60116.56203201073,243702.65594225758,23608.674357732034,303819.2179742683,123905.75809999972,95762.21883200061,31991.0006
2018-02-01,287123.4266880002,16491.0,52182.441171194325,199484.55039930486,18965.435117500998,251666.9915704992,97064.97600000011,79855.4506880001,31251.0
2018-03-01,435063.99999999884,17604.0,93313.70644428782,299707.07651614444,24439.217039566593,393020.78296043223,154165.00000000017,142606.99999999866,46729.0
2018-04-01,390488.66023500025,19374.000000000004,71304.74477141058,236935.11658236143,62874.79888122823,308239.861353772,136188.55573500015,134110.20890000009,30017.0
2018-05-01,303919.7562999992,8936.0,60802.62468854963,216947.45742700968,17233.674184439893,277750.0821155593,117160.27039999994,88124.55399999923,30776.000000000004
2018-06-01,344009.8457930184,2020.0,71850.76816165136,239429.58234685956,30709.49528450747,311280.35050851095,139123.34949299495,95603.51250001922,50738.99999999694
2018-07-01,359320.84170000005,0.0,66172.50201592816,271128.0879316262,22020.251752445703,337300.58994755434,129712.20609499297,102110.00000000016,53705.99999999999
2018-08-01,378651.77360000083,743.0,86303.66742281895,266012.90431717265,25592.201860009263,352316.5717399916,138817.000000001,127364.00000000006,35057.999999999745
2018-09-01,288075.091731506,2149.0,62691.18207141552,210085.8863961228,13149.023263967652,272777.06846753834,124992.25397727192,79449.10168539287,22278.86899191812
2018-10-01,314775.24679066514,14864.000000000002,51116.4950558502,231055.7176419576,17739.034092857357,282172.2126978078,126015.00407599974,77101.54875716912,29262.571599989788
2018-11-01,346802.54537830804,17760.0,47214.20067736274,262473.4359836866,19354.908717258702,309687.6366610493,136864.60714200098,83397.20199744927,35031.71926839621
2018-12-01,451183.5759149496,20945.000000000004,61212.58592520828,332516.90538900363,36509.0846007377,393729.4913142119,185070.66548252347,104544.35558766701,49575.73960998194
2019-01-01,409070.1841228372,23513.0,77050.27010446237,280595.4797118794,27911.434306495445,357645.7498163418,158731.0,102985.0,35047.0
2019-02-01,322067.5757750438,13685.0,78983.35881905294,206367.54881284563,23031.668143145253,285350.9076318986,122687.0,84376.0,33992.0
2019-03-01,399233.16485603753,20991.000000000004,97543.18619068149,262214.80415193137,18484.17451342468,359757.99034261284,135906.0,123670.0,44551.0
2019-04-01,438126.02571626974,17393.0,95710.29055320339,292828.25760929415,32194.477553772213,388538.5481624975,164044.99999999919,137113.0,37232.99999999987
2019-05-01,322838.7189971024,1992.0,81602.63533776085,217694.70477538428,21549.37888395729,299297.3401131451,124257.99999999924,97409.0,33982.00000000025
2019-06-01,360723.62495207327,0.0,94913.65444582622,238247.90092015782,27562.069586089216,333161.55536598404,150470.99999999884,96354.0,52871.00000000017
2019-07-01,424549.22910102265,1966.0,95452.13804104785,269881.55293089134,57249.53812908346,365333.6909719392,156051.0,107991.0,54990.0
2019-08-01,435156.2167264152,0.0,114525.4099550342,250987.34433162864,69643.46243975234,365512.75428666285,149648.9999999998,165263.0,36383.00000000021
2019-09-01,326378.553693717,1294.0,83907.14186851212,214342.93537444444,26834.476450760445,298250.07724295655,147026.99999999942,89768.0,23190.00000000007
2019-10-01,333222.5816606803,17004.0,73588.13305879661,220915.85830545585,21714.59029642785,294503.99136425246,129828.99999999869,85655.0,29738.00000000001
2019-11-01,404633.87888198986,23599.0,82871.75217652663,252912.17390200947,45250.95280345374,335783.9260785361,145411.00000000244,119801.00000000001,34386.99999999978
2019-12-01,515820.44595176575,9352.0,105102.87821493162,344011.1922852358,57354.37545159835,449114.07050016744,207097.0000000001,160692.0,48382.99999999991
2020-01-01,465740.1746839287,19028.0,107385.8761623657,280836.7264992459,58489.572022317116,388222.6026616116,173175.0,146886.0,38743.0
2020-02-01,389261.6257059582,16419.0,97933.4336537368,219984.54286385525,54924.64918836619,317917.9765175921,135558.0,124678.0,38107.0
2020-03-01,176870.29003846797,6545.0,45664.70451778982,109750.87157427458,14909.713946403555,155415.5760920644,71496.0,44917.0,17969.0
2020-04-01,10039.0,0.0,0.0,10039.0,0.0,10039.0,10039.0,0.0,0.0
2020-05-01,9779.0,0.0,0.0,9779.0,0.0,9779.0,9779.0,0.0,0.0
2020-06-01,11817.0,0.0,0.0,11817.0,0.0,11817.0,11817.0,0.0,0.0
2020-07-01,13484.0,0.0,0.0,13484.0,0.0,13484.0,13484.0,0.0,0.0
2020-08-01,15357.0,0.0,0.0,15357.0,0.0,15357.0,15357.0,0.0,0.0
2020-09-01,25389.528915275994,0.0,353.0,12219.49268292683,12817.036232349166,12572.49268292683,13800.0,7254.0,1134.0
2020-10-01,30538.524452566482,0.0,1705.1302395120001,14975.654109443129,13857.740103611353,16680.78434895513,14454.500000000007,8576.920058910006,2890.563772446
2020-11-01,58632.0,0.0,939.0,51926.0,5767.0,52865.0,23765.0,11528.0,11267.0
2020-12-01,59432.0,0.0,8592.0,47028.0,3812.0,55620.0,40254.0,573.0,12291.0
2021-01-01,104620.0,0.0,11337.0,78623.0,14660.0,89960.0,52694.0,17086.0,12140.0
2021-02-01,65463.0,0.0,3287.0,49318.0,12858.0,52605.0,36690.0,14657.0,6427.0
2021-03-01,105145.0549412881,0.0,2314.0,82703.39633341735,20127.658607870748,85017.39633341735,40699.0,20788.0,22824.0
